{
  "$schema": "https://raw.githubusercontent.com/spdx/spdx-spec/v2.2.1/schemas/spdx-schema.json",
  "spdxVersion": "SPDX-2.2",
  "dataLicense": "CC0-1.0",
  "SPDXID": "SPDXRef-DOCUMENT",
  "documentNamespace": "https://spdx.org/spdxdocs/fast-float-x64-windows-8.0.2-d55affd7-15c2-41b4-95e0-b10d1191003f",
  "name": "fast-float:x64-windows@8.0.2 d1d717102415fba682a0fc95422d7a7206ae43dbf6f5527765501146f12139d1",
  "creationInfo": {
    "creators": [
      "Tool: vcpkg-2025-06-02-145689e84b7637525510e2c9b4ee603fda046b56"
    ],
    "created": "2025-06-04T16:56:27Z"
  },
  "relationships": [
    {
      "spdxElementId": "SPDXRef-port",
      "relationshipType": "GENERATES",
      "relatedSpdxElement": "SPDXRef-binary"
    },
    {
      "spdxElementId": "SPDXRef-port",
      "relationshipType": "CONTAINS",
      "relatedSpdxElement": "SPDXRef-file-0"
    },
    {
      "spdxElementId": "SPDXRef-port",
      "relationshipType": "CONTAINS",
      "relatedSpdxElement": "SPDXRef-file-1"
    },
    {
      "spdxElementId": "SPDXRef-port",
      "relationshipType": "CONTAINS",
      "relatedSpdxElement": "SPDXRef-file-2"
    },
    {
      "spdxElementId": "SPDXRef-binary",
      "relationshipType": "GENERATED_FROM",
      "relatedSpdxElement": "SPDXRef-port"
    },
    {
      "spdxElementId": "SPDXRef-file-0",
      "relationshipType": "CONTAINED_BY",
      "relatedSpdxElement": "SPDXRef-port"
    },
    {
      "spdxElementId": "SPDXRef-file-1",
      "relationshipType": "CONTAINED_BY",
      "relatedSpdxElement": "SPDXRef-port"
    },
    {
      "spdxElementId": "SPDXRef-file-2",
      "relationshipType": "CONTAINED_BY",
      "relatedSpdxElement": "SPDXRef-port"
    },
    {
      "spdxElementId": "SPDXRef-file-2",
      "relationshipType": "DEPENDENCY_MANIFEST_OF",
      "relatedSpdxElement": "SPDXRef-port"
    }
  ],
  "packages": [
    {
      "name": "fast-float",
      "SPDXID": "SPDXRef-port",
      "versionInfo": "8.0.2",
      "downloadLocation": "git+https://github.com/Microsoft/vcpkg#ports/fast-float",
      "homepage": "https://github.com/fastfloat/fast_float",
      "licenseConcluded": "Apache-2.0 OR BSL-1.0 OR MIT",
      "licenseDeclared": "NOASSERTION",
      "copyrightText": "NOASSERTION",
      "description": "Fast and exact implementation of the C++ from_chars functions for float and double types: 4x faster than strtod",
      "comment": "This is the port (recipe) consumed by vcpkg."
    },
    {
      "name": "fast-float:x64-windows",
      "SPDXID": "SPDXRef-binary",
      "versionInfo": "d1d717102415fba682a0fc95422d7a7206ae43dbf6f5527765501146f12139d1",
      "downloadLocation": "NONE",
      "licenseConcluded": "Apache-2.0 OR BSL-1.0 OR MIT",
      "licenseDeclared": "NOASSERTION",
      "copyrightText": "NOASSERTION",
      "comment": "This is a binary package built by vcpkg."
    },
    {
      "SPDXID": "SPDXRef-resource-0",
      "name": "fastfloat/fast_float",
      "downloadLocation": "git+https://github.com/fastfloat/fast_float@v8.0.2",
      "licenseConcluded": "NOASSERTION",
      "licenseDeclared": "NOASSERTION",
      "copyrightText": "NOASSERTION",
      "checksums": [
        {
          "algorithm": "SHA512",
          "checksumValue": "0475d4a9100fda4cf0ba3a5f90090d2b86f4a472dbc125db57101b75555a05148965432d8258dd2a0cdffe97c10b27efe45baf9a8fe129f71d7a58b0dc705b4e"
        }
      ]
    }
  ],
  "files": [
    {
      "fileName": "./portfile.cmake",
      "SPDXID": "SPDXRef-file-0",
      "checksums": [
        {
          "algorithm": "SHA256",
          "checksumValue": "5bd4dbb94b5eb8680ad1b092aaf6f9262c5dce75a5829efc73da8c27baaadd04"
        }
      ],
      "licenseConcluded": "NOASSERTION",
      "copyrightText": "NOASSERTION"
    },
    {
      "fileName": "./usage",
      "SPDXID": "SPDXRef-file-1",
      "checksums": [
        {
          "algorithm": "SHA256",
          "checksumValue": "050e81772ad002aabe47b8f905e293fdb1aacb390e262d6fbfaa5fbfec6da6e4"
        }
      ],
      "licenseConcluded": "NOASSERTION",
      "copyrightText": "NOASSERTION"
    },
    {
      "fileName": "./vcpkg.json",
      "SPDXID": "SPDXRef-file-2",
      "checksums": [
        {
          "algorithm": "SHA256",
          "checksumValue": "9e543bdd1e33b0374bebb89eab145956f622c22a210fe3b397516fabf77b538d"
        }
      ],
      "licenseConcluded": "NOASSERTION",
      "copyrightText": "NOASSERTION"
    }
  ]
}
