{
  "$schema": "https://raw.githubusercontent.com/spdx/spdx-spec/v2.2.1/schemas/spdx-schema.json",
  "spdxVersion": "SPDX-2.2",
  "dataLicense": "CC0-1.0",
  "SPDXID": "SPDXRef-DOCUMENT",
  "documentNamespace": "https://spdx.org/spdxdocs/xlnt-x64-windows-1.6.1-278471d3-da36-43e8-9887-0873ecefbce8",
  "name": "xlnt:x64-windows@1.6.1 2769c57e1c0d67699f81a1aabf41730b2f2fc8e3564702f373b4856bee8e19ed",
  "creationInfo": {
    "creators": [
      "Tool: vcpkg-2025-06-02-145689e84b7637525510e2c9b4ee603fda046b56"
    ],
    "created": "2025-06-04T16:57:14Z"
  },
  "relationships": [
    {
      "spdxElementId": "SPDXRef-port",
      "relationshipType": "GENERATES",
      "relatedSpdxElement": "SPDXRef-binary"
    },
    {
      "spdxElementId": "SPDXRef-port",
      "relationshipType": "CONTAINS",
      "relatedSpdxElement": "SPDXRef-file-0"
    },
    {
      "spdxElementId": "SPDXRef-port",
      "relationshipType": "CONTAINS",
      "relatedSpdxElement": "SPDXRef-file-1"
    },
    {
      "spdxElementId": "SPDXRef-port",
      "relationshipType": "CONTAINS",
      "relatedSpdxElement": "SPDXRef-file-2"
    },
    {
      "spdxElementId": "SPDXRef-port",
      "relationshipType": "CONTAINS",
      "relatedSpdxElement": "SPDXRef-file-3"
    },
    {
      "spdxElementId": "SPDXRef-port",
      "relationshipType": "CONTAINS",
      "relatedSpdxElement": "SPDXRef-file-4"
    },
    {
      "spdxElementId": "SPDXRef-binary",
      "relationshipType": "GENERATED_FROM",
      "relatedSpdxElement": "SPDXRef-port"
    },
    {
      "spdxElementId": "SPDXRef-file-0",
      "relationshipType": "CONTAINED_BY",
      "relatedSpdxElement": "SPDXRef-port"
    },
    {
      "spdxElementId": "SPDXRef-file-1",
      "relationshipType": "CONTAINED_BY",
      "relatedSpdxElement": "SPDXRef-port"
    },
    {
      "spdxElementId": "SPDXRef-file-2",
      "relationshipType": "CONTAINED_BY",
      "relatedSpdxElement": "SPDXRef-port"
    },
    {
      "spdxElementId": "SPDXRef-file-3",
      "relationshipType": "CONTAINED_BY",
      "relatedSpdxElement": "SPDXRef-port"
    },
    {
      "spdxElementId": "SPDXRef-file-4",
      "relationshipType": "CONTAINED_BY",
      "relatedSpdxElement": "SPDXRef-port"
    },
    {
      "spdxElementId": "SPDXRef-file-4",
      "relationshipType": "DEPENDENCY_MANIFEST_OF",
      "relatedSpdxElement": "SPDXRef-port"
    }
  ],
  "packages": [
    {
      "name": "xlnt",
      "SPDXID": "SPDXRef-port",
      "versionInfo": "1.6.1",
      "downloadLocation": "git+https://github.com/Microsoft/vcpkg#ports/xlnt",
      "homepage": "https://github.com/xlnt-community/xlnt",
      "licenseConcluded": "MIT AND BSD-3-Clause AND BSD-2-Clause",
      "licenseDeclared": "NOASSERTION",
      "copyrightText": "NOASSERTION",
      "description": "Cross-platform user-friendly xlsx (Microsoft Excel®) library for C++11 (and above)",
      "comment": "This is the port (recipe) consumed by vcpkg."
    },
    {
      "name": "xlnt:x64-windows",
      "SPDXID": "SPDXRef-binary",
      "versionInfo": "2769c57e1c0d67699f81a1aabf41730b2f2fc8e3564702f373b4856bee8e19ed",
      "downloadLocation": "NONE",
      "licenseConcluded": "MIT AND BSD-3-Clause AND BSD-2-Clause",
      "licenseDeclared": "NOASSERTION",
      "copyrightText": "NOASSERTION",
      "comment": "This is a binary package built by vcpkg."
    },
    {
      "SPDXID": "SPDXRef-resource-0",
      "name": "xlnt-community/xlnt",
      "downloadLocation": "git+https://github.com/xlnt-community/xlnt@v1.6.1",
      "licenseConcluded": "NOASSERTION",
      "licenseDeclared": "NOASSERTION",
      "copyrightText": "NOASSERTION",
      "checksums": [
        {
          "algorithm": "SHA512",
          "checksumValue": "2d016416447b56c3902fc86c0441fd1d10cb86c3a542a2a38929e32f8f55470c33e4a3938f9c47b1a672ac4d6784a981c4738a61fd076622a2baa64dbc632810"
        }
      ]
    },
    {
      "SPDXID": "SPDXRef-resource-1",
      "name": "https://git.codesynthesis.com/libstudxml/libstudxml.git",
      "downloadLocation": "git+https://git.codesynthesis.com/libstudxml/libstudxml.git@v1.1.0-b.10+2",
      "licenseConcluded": "NOASSERTION",
      "licenseDeclared": "NOASSERTION",
      "copyrightText": "NOASSERTION"
    }
  ],
  "files": [
    {
      "fileName": "./fix-configure-dependencies.patch",
      "SPDXID": "SPDXRef-file-0",
      "checksums": [
        {
          "algorithm": "SHA256",
          "checksumValue": "d3db33c4a2111146a48654a6e89c2c5c429b492bc816376cd4e1404c70769ac9"
        }
      ],
      "licenseConcluded": "NOASSERTION",
      "copyrightText": "NOASSERTION"
    },
    {
      "fileName": "./fix-not-found-include.patch",
      "SPDXID": "SPDXRef-file-1",
      "checksums": [
        {
          "algorithm": "SHA256",
          "checksumValue": "a09c801e0ec6f427b2e2c7da9fe104e024171e9466c2da6a9a219d25ffd5ed6d"
        }
      ],
      "licenseConcluded": "NOASSERTION",
      "copyrightText": "NOASSERTION"
    },
    {
      "fileName": "./portfile.cmake",
      "SPDXID": "SPDXRef-file-2",
      "checksums": [
        {
          "algorithm": "SHA256",
          "checksumValue": "4f7302a5e13f0687d8840c7f09abb3113c01db4e35fda9fd826b92866d3b4955"
        }
      ],
      "licenseConcluded": "NOASSERTION",
      "copyrightText": "NOASSERTION"
    },
    {
      "fileName": "./usage",
      "SPDXID": "SPDXRef-file-3",
      "checksums": [
        {
          "algorithm": "SHA256",
          "checksumValue": "3f9c0a957c28fea8f82d36fcccd414a5311d9607fb0b23c7a84e1bbc2e425264"
        }
      ],
      "licenseConcluded": "NOASSERTION",
      "copyrightText": "NOASSERTION"
    },
    {
      "fileName": "./vcpkg.json",
      "SPDXID": "SPDXRef-file-4",
      "checksums": [
        {
          "algorithm": "SHA256",
          "checksumValue": "14fdd085b31fa8b968f96d5ca91dac2e8ab91242ffef38fe274fe732e8724f5c"
        }
      ],
      "licenseConcluded": "NOASSERTION",
      "copyrightText": "NOASSERTION"
    }
  ]
}
